INSERT INTO User (username, firstname, lastname, password, email) VALUES
('sportslover', 'Paul', 'Walker', 'paulpass93', 'sportslover@hotmail.com'),
('traveler', 'Rebecca', 'Travolta', 'rebeccapass15', 'rebt@explorer.org'), 
('spacejunkie', 'Bob', 'Spacey', 'bob1pass', 'bspace@spacejunkies.net');

INSERT INTO Album (title,username,lastupdated,created) VALUES
('I love sports','sportslover','2016-01-01','2016-01-01'),
('I love football','sportslover','2016-01-01','2016-01-01'),
('Around The World','traveler','2016-01-01','2016-01-01'),
('Cool Space Shots','spacejunkie','2016-01-01','2016-01-01');

INSERT INTO Photo (picid, format, date) VALUES
('de37c514268d156b8f1dc4db88076c58','jpg','2016-01-01'),
('5e6b2ee2ff0330a53a39bba0d02ebf5d','jpg','2016-01-01'),
('924c6927a26e6fabd43b1b0af2086620','jpg','2016-01-01'),
('fbeb3ab6b29e44ca3693cfb464b83448','jpg','2016-01-01'),
('bdaa453e2624b3172a5bfe9cf711e788','jpg','2016-01-01'),
('a5dce844297f884304a26f60c6069fe6','jpg','2016-01-01'),
('923a397027ee178ac2dfa3a14f062340','jpg','2016-01-01'),
('2455d2fe7ecbeb7b34d73f3ea733f323','jpg','2016-01-01'),
('4032eceaab1045e88360ab81ae5166a5','jpg','2016-01-01'),
('5c00dd3598ce621105cb7062a59e7931','jpg','2016-01-01'),
('933b775e7ea1d6575271103b00e7e965','jpg','2016-01-01'),
('63b1f8027b1cdc739ac89b2dd62cb108','jpg','2016-01-01'),
('568ab398af3555d9c991c62b0e4d024c','jpg','2016-01-01'),
('7e2b0af1e51044fef44b3b42a172dd74','jpg','2016-01-01'),
('799a4643395fae5e6a30e851fac2f7e1','jpg','2016-01-01'),
('28ca8a277b5701b8c9accb4f0898499f','jpg','2016-01-01'),
('24d3407f5b1f2d9abf201e8081b69d39','jpg','2016-01-01'),
('f3fe8509504d0b2f1afa78ad083252e0','jpg','2016-01-01'),
('a58860fdb83505e8bbc13ed28d3915c8','jpg','2016-01-01'),
('f72edbe6965811d7b0f4e5c74d5b1a99','jpg','2016-01-01'),
('cb77c8f4e52a364c6bed659ccac94d62','jpg','2016-01-01'),
('80fcff372951aae139516d47ad186d5b','jpg','2016-01-01'),
('25f1629923e7f6c2de9f9166fedfd28d','jpg','2016-01-01'),
('ce6d329a24168959601916f0086e9304','jpg','2016-01-01'),
('fc20edf2c9bfdc2b1fa7f744dca339f9','jpg','2016-01-01'),
('c6c98832cf31a6fae92716f0c2d11fee','jpg','2016-01-01'),
('ab656b6131ced718ce2c10f2d98773ed','jpg','2016-01-01'),
('b1ea7faf1162453ad3b34f572cfd3b21','jpg','2016-01-01'),
('fb48449f2e4549e5df35384195513b46','jpg','2016-01-01'),
('b500d1d01fd43b81108eed13894a64be','jpg','2016-01-01');

INSERT INTO Contain (albumid, picid, caption, sequencenum) VALUES
(2,'de37c514268d156b8f1dc4db88076c58','',0),
(2,'5e6b2ee2ff0330a53a39bba0d02ebf5d','',1),
(2,'924c6927a26e6fabd43b1b0af2086620','',2),
(2,'fbeb3ab6b29e44ca3693cfb464b83448','',3),
(4,'bdaa453e2624b3172a5bfe9cf711e788','',0),
(4,'a5dce844297f884304a26f60c6069fe6','',1),
(4,'923a397027ee178ac2dfa3a14f062340','',2),
(4,'2455d2fe7ecbeb7b34d73f3ea733f323','',3),
(4,'4032eceaab1045e88360ab81ae5166a5','',4),
(1,'5c00dd3598ce621105cb7062a59e7931','',0),
(1,'933b775e7ea1d6575271103b00e7e965','',1),
(1,'63b1f8027b1cdc739ac89b2dd62cb108','',2),
(1,'568ab398af3555d9c991c62b0e4d024c','',3),
(1,'7e2b0af1e51044fef44b3b42a172dd74','',4),
(1,'799a4643395fae5e6a30e851fac2f7e1','',5),
(1,'28ca8a277b5701b8c9accb4f0898499f','',6),
(1,'24d3407f5b1f2d9abf201e8081b69d39','',7),
(3,'f3fe8509504d0b2f1afa78ad083252e0','',0),
(3,'a58860fdb83505e8bbc13ed28d3915c8','',1),
(3,'f72edbe6965811d7b0f4e5c74d5b1a99','',2),
(3,'cb77c8f4e52a364c6bed659ccac94d62','',3),
(3,'80fcff372951aae139516d47ad186d5b','',4), 
(3,'25f1629923e7f6c2de9f9166fedfd28d','',5),
(3,'ce6d329a24168959601916f0086e9304','',6),
(3,'fc20edf2c9bfdc2b1fa7f744dca339f9','',7),
(3,'c6c98832cf31a6fae92716f0c2d11fee','',8),
(3,'ab656b6131ced718ce2c10f2d98773ed','',9),
(3,'b1ea7faf1162453ad3b34f572cfd3b21','',10),
(3,'fb48449f2e4549e5df35384195513b46','',11),
(3,'b500d1d01fd43b81108eed13894a64be','',12);
